ConstantPoolGen.java,org.apache.bcel.generic.ConstantPoolGen,org.pitest.mutationtest.engine.gregor.mutators.ConditionalsBoundaryMutator,<init>,103,NO_COVERAGE,none
ConstantPoolGen.java,org.apache.bcel.generic.ConstantPoolGen,org.pitest.mutationtest.engine.gregor.mutators.ConditionalsBoundaryMutator,<init>,108,NO_COVERAGE,none
ConstantPoolGen.java,org.apache.bcel.generic.ConstantPoolGen,org.pitest.mutationtest.engine.gregor.mutators.IncrementsMutator,<init>,108,NO_COVERAGE,none
ConstantPoolGen.java,org.apache.bcel.generic.ConstantPoolGen,org.pitest.mutationtest.engine.gregor.mutators.MathMutator,<init>,99,NO_COVERAGE,none
ConstantPoolGen.java,org.apache.bcel.generic.ConstantPoolGen,org.pitest.mutationtest.engine.gregor.mutators.NegateConditionalsMutator,<init>,103,NO_COVERAGE,none
ConstantPoolGen.java,org.apache.bcel.generic.ConstantPoolGen,org.pitest.mutationtest.engine.gregor.mutators.NegateConditionalsMutator,<init>,108,NO_COVERAGE,none
ConstantPoolGen.java,org.apache.bcel.generic.ConstantPoolGen,org.pitest.mutationtest.engine.gregor.mutators.NegateConditionalsMutator,<init>,110,NO_COVERAGE,none
ConstantPoolGen.java,org.apache.bcel.generic.ConstantPoolGen,org.pitest.mutationtest.engine.gregor.mutators.NegateConditionalsMutator,<init>,114,NO_COVERAGE,none
ConstantPoolGen.java,org.apache.bcel.generic.ConstantPoolGen,org.pitest.mutationtest.engine.gregor.mutators.NegateConditionalsMutator,<init>,117,NO_COVERAGE,none
ConstantPoolGen.java,org.apache.bcel.generic.ConstantPoolGen,org.pitest.mutationtest.engine.gregor.mutators.NegateConditionalsMutator,<init>,121,NO_COVERAGE,none
ConstantPoolGen.java,org.apache.bcel.generic.ConstantPoolGen,org.pitest.mutationtest.engine.gregor.mutators.NegateConditionalsMutator,<init>,124,NO_COVERAGE,none
ConstantPoolGen.java,org.apache.bcel.generic.ConstantPoolGen,org.pitest.mutationtest.engine.gregor.mutators.NegateConditionalsMutator,<init>,135,NO_COVERAGE,none
ConstantPoolGen.java,org.apache.bcel.generic.ConstantPoolGen,org.pitest.mutationtest.engine.gregor.mutators.NegateConditionalsMutator,<init>,138,NO_COVERAGE,none
ConstantPoolGen.java,org.apache.bcel.generic.ConstantPoolGen,org.pitest.mutationtest.engine.gregor.mutators.NegateConditionalsMutator,<init>,141,NO_COVERAGE,none
ConstantPoolGen.java,org.apache.bcel.generic.ConstantPoolGen,org.pitest.mutationtest.engine.gregor.mutators.NegateConditionalsMutator,<init>,144,NO_COVERAGE,none
ConstantPoolGen.java,org.apache.bcel.generic.ConstantPoolGen,org.pitest.mutationtest.engine.gregor.mutators.NegateConditionalsMutator,<init>,149,NO_COVERAGE,none
ConstantPoolGen.java,org.apache.bcel.generic.ConstantPoolGen,org.pitest.mutationtest.engine.gregor.mutators.NegateConditionalsMutator,<init>,166,NO_COVERAGE,none
ConstantPoolGen.java,org.apache.bcel.generic.ConstantPoolGen,org.pitest.mutationtest.engine.gregor.mutators.NegateConditionalsMutator,<init>,168,NO_COVERAGE,none
ConstantPoolGen.java,org.apache.bcel.generic.ConstantPoolGen,org.pitest.mutationtest.engine.gregor.mutators.NegateConditionalsMutator,<init>,180,NO_COVERAGE,none
ConstantPoolGen.java,org.apache.bcel.generic.ConstantPoolGen,org.pitest.mutationtest.engine.gregor.mutators.NegateConditionalsMutator,<init>,183,NO_COVERAGE,none
ConstantPoolGen.java,org.apache.bcel.generic.ConstantPoolGen,org.pitest.mutationtest.engine.gregor.mutators.NegateConditionalsMutator,<init>,185,NO_COVERAGE,none
ConstantPoolGen.java,org.apache.bcel.generic.ConstantPoolGen,org.pitest.mutationtest.engine.gregor.mutators.NegateConditionalsMutator,<init>,187,NO_COVERAGE,none
ConstantPoolGen.java,org.apache.bcel.generic.ConstantPoolGen,org.pitest.mutationtest.engine.gregor.mutators.NegateConditionalsMutator,<init>,189,NO_COVERAGE,none
ConstantPoolGen.java,org.apache.bcel.generic.ConstantPoolGen,org.pitest.mutationtest.engine.gregor.mutators.NegateConditionalsMutator,<init>,191,NO_COVERAGE,none
ConstantPoolGen.java,org.apache.bcel.generic.ConstantPoolGen,org.pitest.mutationtest.engine.gregor.mutators.NegateConditionalsMutator,<init>,193,NO_COVERAGE,none
ConstantPoolGen.java,org.apache.bcel.generic.ConstantPoolGen,org.pitest.mutationtest.engine.gregor.mutators.NegateConditionalsMutator,<init>,195,NO_COVERAGE,none
ConstantPoolGen.java,org.apache.bcel.generic.ConstantPoolGen,org.pitest.mutationtest.engine.gregor.mutators.VoidMethodCallMutator,<init>,102,NO_COVERAGE,none
ConstantPoolGen.java,org.apache.bcel.generic.ConstantPoolGen,org.pitest.mutationtest.engine.gregor.mutators.ReturnValsMutator,addArrayClass,330,NO_COVERAGE,none
ConstantPoolGen.java,org.apache.bcel.generic.ConstantPoolGen,org.pitest.mutationtest.engine.gregor.mutators.ReturnValsMutator,addClass,307,NO_COVERAGE,none
ConstantPoolGen.java,org.apache.bcel.generic.ConstantPoolGen,org.pitest.mutationtest.engine.gregor.mutators.ReturnValsMutator,addClass,318,NO_COVERAGE,none
ConstantPoolGen.java,org.apache.bcel.generic.ConstantPoolGen,org.pitest.mutationtest.engine.gregor.mutators.MathMutator,addClass_,292,NO_COVERAGE,none
ConstantPoolGen.java,org.apache.bcel.generic.ConstantPoolGen,org.pitest.mutationtest.engine.gregor.mutators.NegateConditionalsMutator,addClass_,286,NO_COVERAGE,none
ConstantPoolGen.java,org.apache.bcel.generic.ConstantPoolGen,org.pitest.mutationtest.engine.gregor.mutators.NegateConditionalsMutator,addClass_,293,NO_COVERAGE,none
ConstantPoolGen.java,org.apache.bcel.generic.ConstantPoolGen,org.pitest.mutationtest.engine.gregor.mutators.ReturnValsMutator,addClass_,287,NO_COVERAGE,none
ConstantPoolGen.java,org.apache.bcel.generic.ConstantPoolGen,org.pitest.mutationtest.engine.gregor.mutators.ReturnValsMutator,addClass_,296,NO_COVERAGE,none
ConstantPoolGen.java,org.apache.bcel.generic.ConstantPoolGen,org.pitest.mutationtest.engine.gregor.mutators.VoidMethodCallMutator,addClass_,289,NO_COVERAGE,none
ConstantPoolGen.java,org.apache.bcel.generic.ConstantPoolGen,org.pitest.mutationtest.engine.gregor.mutators.ReturnValsMutator,addConstant,786,NO_COVERAGE,none
ConstantPoolGen.java,org.apache.bcel.generic.ConstantPoolGen,org.pitest.mutationtest.engine.gregor.mutators.ReturnValsMutator,addConstant,791,NO_COVERAGE,none
ConstantPoolGen.java,org.apache.bcel.generic.ConstantPoolGen,org.pitest.mutationtest.engine.gregor.mutators.ReturnValsMutator,addConstant,797,NO_COVERAGE,none
ConstantPoolGen.java,org.apache.bcel.generic.ConstantPoolGen,org.pitest.mutationtest.engine.gregor.mutators.ReturnValsMutator,addConstant,800,NO_COVERAGE,none
ConstantPoolGen.java,org.apache.bcel.generic.ConstantPoolGen,org.pitest.mutationtest.engine.gregor.mutators.ReturnValsMutator,addConstant,802,NO_COVERAGE,none
ConstantPoolGen.java,org.apache.bcel.generic.ConstantPoolGen,org.pitest.mutationtest.engine.gregor.mutators.ReturnValsMutator,addConstant,804,NO_COVERAGE,none
ConstantPoolGen.java,org.apache.bcel.generic.ConstantPoolGen,org.pitest.mutationtest.engine.gregor.mutators.ReturnValsMutator,addConstant,806,NO_COVERAGE,none
ConstantPoolGen.java,org.apache.bcel.generic.ConstantPoolGen,org.pitest.mutationtest.engine.gregor.mutators.ReturnValsMutator,addConstant,808,NO_COVERAGE,none
ConstantPoolGen.java,org.apache.bcel.generic.ConstantPoolGen,org.pitest.mutationtest.engine.gregor.mutators.ReturnValsMutator,addConstant,823,NO_COVERAGE,none
ConstantPoolGen.java,org.apache.bcel.generic.ConstantPoolGen,org.pitest.mutationtest.engine.gregor.mutators.ReturnValsMutator,addConstant,825,NO_COVERAGE,none
ConstantPoolGen.java,org.apache.bcel.generic.ConstantPoolGen,org.pitest.mutationtest.engine.gregor.mutators.ReturnValsMutator,addConstant,827,NO_COVERAGE,none
ConstantPoolGen.java,org.apache.bcel.generic.ConstantPoolGen,org.pitest.mutationtest.engine.gregor.mutators.MathMutator,addDouble,516,NO_COVERAGE,none
ConstantPoolGen.java,org.apache.bcel.generic.ConstantPoolGen,org.pitest.mutationtest.engine.gregor.mutators.NegateConditionalsMutator,addDouble,510,NO_COVERAGE,none
ConstantPoolGen.java,org.apache.bcel.generic.ConstantPoolGen,org.pitest.mutationtest.engine.gregor.mutators.ReturnValsMutator,addDouble,511,NO_COVERAGE,none
ConstantPoolGen.java,org.apache.bcel.generic.ConstantPoolGen,org.pitest.mutationtest.engine.gregor.mutators.ReturnValsMutator,addDouble,517,NO_COVERAGE,none
ConstantPoolGen.java,org.apache.bcel.generic.ConstantPoolGen,org.pitest.mutationtest.engine.gregor.mutators.VoidMethodCallMutator,addDouble,513,NO_COVERAGE,none
ConstantPoolGen.java,org.apache.bcel.generic.ConstantPoolGen,org.pitest.mutationtest.engine.gregor.mutators.MathMutator,addFieldref,710,NO_COVERAGE,none
ConstantPoolGen.java,org.apache.bcel.generic.ConstantPoolGen,org.pitest.mutationtest.engine.gregor.mutators.NegateConditionalsMutator,addFieldref,703,NO_COVERAGE,none
ConstantPoolGen.java,org.apache.bcel.generic.ConstantPoolGen,org.pitest.mutationtest.engine.gregor.mutators.NegateConditionalsMutator,addFieldref,712,NO_COVERAGE,none
ConstantPoolGen.java,org.apache.bcel.generic.ConstantPoolGen,org.pitest.mutationtest.engine.gregor.mutators.ReturnValsMutator,addFieldref,704,NO_COVERAGE,none
ConstantPoolGen.java,org.apache.bcel.generic.ConstantPoolGen,org.pitest.mutationtest.engine.gregor.mutators.ReturnValsMutator,addFieldref,715,NO_COVERAGE,none
ConstantPoolGen.java,org.apache.bcel.generic.ConstantPoolGen,org.pitest.mutationtest.engine.gregor.mutators.VoidMethodCallMutator,addFieldref,706,NO_COVERAGE,none
ConstantPoolGen.java,org.apache.bcel.generic.ConstantPoolGen,org.pitest.mutationtest.engine.gregor.mutators.MathMutator,addFloat,404,NO_COVERAGE,none
ConstantPoolGen.java,org.apache.bcel.generic.ConstantPoolGen,org.pitest.mutationtest.engine.gregor.mutators.NegateConditionalsMutator,addFloat,399,NO_COVERAGE,none
ConstantPoolGen.java,org.apache.bcel.generic.ConstantPoolGen,org.pitest.mutationtest.engine.gregor.mutators.ReturnValsMutator,addFloat,400,NO_COVERAGE,none
ConstantPoolGen.java,org.apache.bcel.generic.ConstantPoolGen,org.pitest.mutationtest.engine.gregor.mutators.ReturnValsMutator,addFloat,405,NO_COVERAGE,none
ConstantPoolGen.java,org.apache.bcel.generic.ConstantPoolGen,org.pitest.mutationtest.engine.gregor.mutators.VoidMethodCallMutator,addFloat,402,NO_COVERAGE,none
ConstantPoolGen.java,org.apache.bcel.generic.ConstantPoolGen,org.pitest.mutationtest.engine.gregor.mutators.MathMutator,addInteger,366,NO_COVERAGE,none
ConstantPoolGen.java,org.apache.bcel.generic.ConstantPoolGen,org.pitest.mutationtest.engine.gregor.mutators.NegateConditionalsMutator,addInteger,361,NO_COVERAGE,none
ConstantPoolGen.java,org.apache.bcel.generic.ConstantPoolGen,org.pitest.mutationtest.engine.gregor.mutators.ReturnValsMutator,addInteger,362,NO_COVERAGE,none
ConstantPoolGen.java,org.apache.bcel.generic.ConstantPoolGen,org.pitest.mutationtest.engine.gregor.mutators.ReturnValsMutator,addInteger,367,NO_COVERAGE,none
ConstantPoolGen.java,org.apache.bcel.generic.ConstantPoolGen,org.pitest.mutationtest.engine.gregor.mutators.VoidMethodCallMutator,addInteger,364,NO_COVERAGE,none
ConstantPoolGen.java,org.apache.bcel.generic.ConstantPoolGen,org.pitest.mutationtest.engine.gregor.mutators.MathMutator,addInterfaceMethodref,661,NO_COVERAGE,none
ConstantPoolGen.java,org.apache.bcel.generic.ConstantPoolGen,org.pitest.mutationtest.engine.gregor.mutators.NegateConditionalsMutator,addInterfaceMethodref,654,NO_COVERAGE,none
ConstantPoolGen.java,org.apache.bcel.generic.ConstantPoolGen,org.pitest.mutationtest.engine.gregor.mutators.NegateConditionalsMutator,addInterfaceMethodref,663,NO_COVERAGE,none
ConstantPoolGen.java,org.apache.bcel.generic.ConstantPoolGen,org.pitest.mutationtest.engine.gregor.mutators.ReturnValsMutator,addInterfaceMethodref,655,NO_COVERAGE,none
ConstantPoolGen.java,org.apache.bcel.generic.ConstantPoolGen,org.pitest.mutationtest.engine.gregor.mutators.ReturnValsMutator,addInterfaceMethodref,666,NO_COVERAGE,none
ConstantPoolGen.java,org.apache.bcel.generic.ConstantPoolGen,org.pitest.mutationtest.engine.gregor.mutators.VoidMethodCallMutator,addInterfaceMethodref,657,NO_COVERAGE,none
ConstantPoolGen.java,org.apache.bcel.generic.ConstantPoolGen,org.pitest.mutationtest.engine.gregor.mutators.ReturnValsMutator,addInterfaceMethodref,671,NO_COVERAGE,none
ConstantPoolGen.java,org.apache.bcel.generic.ConstantPoolGen,org.pitest.mutationtest.engine.gregor.mutators.MathMutator,addLong,477,NO_COVERAGE,none
ConstantPoolGen.java,org.apache.bcel.generic.ConstantPoolGen,org.pitest.mutationtest.engine.gregor.mutators.NegateConditionalsMutator,addLong,471,NO_COVERAGE,none
ConstantPoolGen.java,org.apache.bcel.generic.ConstantPoolGen,org.pitest.mutationtest.engine.gregor.mutators.ReturnValsMutator,addLong,472,NO_COVERAGE,none
ConstantPoolGen.java,org.apache.bcel.generic.ConstantPoolGen,org.pitest.mutationtest.engine.gregor.mutators.ReturnValsMutator,addLong,478,NO_COVERAGE,none
ConstantPoolGen.java,org.apache.bcel.generic.ConstantPoolGen,org.pitest.mutationtest.engine.gregor.mutators.VoidMethodCallMutator,addLong,474,NO_COVERAGE,none
ConstantPoolGen.java,org.apache.bcel.generic.ConstantPoolGen,org.pitest.mutationtest.engine.gregor.mutators.MathMutator,addMethodref,606,NO_COVERAGE,none
ConstantPoolGen.java,org.apache.bcel.generic.ConstantPoolGen,org.pitest.mutationtest.engine.gregor.mutators.NegateConditionalsMutator,addMethodref,599,NO_COVERAGE,none
ConstantPoolGen.java,org.apache.bcel.generic.ConstantPoolGen,org.pitest.mutationtest.engine.gregor.mutators.NegateConditionalsMutator,addMethodref,608,NO_COVERAGE,none
ConstantPoolGen.java,org.apache.bcel.generic.ConstantPoolGen,org.pitest.mutationtest.engine.gregor.mutators.ReturnValsMutator,addMethodref,600,NO_COVERAGE,none
ConstantPoolGen.java,org.apache.bcel.generic.ConstantPoolGen,org.pitest.mutationtest.engine.gregor.mutators.ReturnValsMutator,addMethodref,611,NO_COVERAGE,none
ConstantPoolGen.java,org.apache.bcel.generic.ConstantPoolGen,org.pitest.mutationtest.engine.gregor.mutators.VoidMethodCallMutator,addMethodref,602,NO_COVERAGE,none
ConstantPoolGen.java,org.apache.bcel.generic.ConstantPoolGen,org.pitest.mutationtest.engine.gregor.mutators.ReturnValsMutator,addMethodref,616,NO_COVERAGE,none
ConstantPoolGen.java,org.apache.bcel.generic.ConstantPoolGen,org.pitest.mutationtest.engine.gregor.mutators.MathMutator,addNameAndType,555,NO_COVERAGE,none
ConstantPoolGen.java,org.apache.bcel.generic.ConstantPoolGen,org.pitest.mutationtest.engine.gregor.mutators.NegateConditionalsMutator,addNameAndType,548,NO_COVERAGE,none
ConstantPoolGen.java,org.apache.bcel.generic.ConstantPoolGen,org.pitest.mutationtest.engine.gregor.mutators.NegateConditionalsMutator,addNameAndType,557,NO_COVERAGE,none
ConstantPoolGen.java,org.apache.bcel.generic.ConstantPoolGen,org.pitest.mutationtest.engine.gregor.mutators.ReturnValsMutator,addNameAndType,549,NO_COVERAGE,none
ConstantPoolGen.java,org.apache.bcel.generic.ConstantPoolGen,org.pitest.mutationtest.engine.gregor.mutators.ReturnValsMutator,addNameAndType,560,NO_COVERAGE,none
ConstantPoolGen.java,org.apache.bcel.generic.ConstantPoolGen,org.pitest.mutationtest.engine.gregor.mutators.VoidMethodCallMutator,addNameAndType,551,NO_COVERAGE,none
ConstantPoolGen.java,org.apache.bcel.generic.ConstantPoolGen,org.pitest.mutationtest.engine.gregor.mutators.MathMutator,addString,262,NO_COVERAGE,none
ConstantPoolGen.java,org.apache.bcel.generic.ConstantPoolGen,org.pitest.mutationtest.engine.gregor.mutators.NegateConditionalsMutator,addString,255,NO_COVERAGE,none
ConstantPoolGen.java,org.apache.bcel.generic.ConstantPoolGen,org.pitest.mutationtest.engine.gregor.mutators.NegateConditionalsMutator,addString,263,NO_COVERAGE,none
ConstantPoolGen.java,org.apache.bcel.generic.ConstantPoolGen,org.pitest.mutationtest.engine.gregor.mutators.ReturnValsMutator,addString,256,NO_COVERAGE,none
ConstantPoolGen.java,org.apache.bcel.generic.ConstantPoolGen,org.pitest.mutationtest.engine.gregor.mutators.ReturnValsMutator,addString,266,NO_COVERAGE,none
ConstantPoolGen.java,org.apache.bcel.generic.ConstantPoolGen,org.pitest.mutationtest.engine.gregor.mutators.VoidMethodCallMutator,addString,259,NO_COVERAGE,none
ConstantPoolGen.java,org.apache.bcel.generic.ConstantPoolGen,org.pitest.mutationtest.engine.gregor.mutators.MathMutator,addUtf8,436,NO_COVERAGE,none
ConstantPoolGen.java,org.apache.bcel.generic.ConstantPoolGen,org.pitest.mutationtest.engine.gregor.mutators.NegateConditionalsMutator,addUtf8,431,NO_COVERAGE,none
ConstantPoolGen.java,org.apache.bcel.generic.ConstantPoolGen,org.pitest.mutationtest.engine.gregor.mutators.NegateConditionalsMutator,addUtf8,437,NO_COVERAGE,none
ConstantPoolGen.java,org.apache.bcel.generic.ConstantPoolGen,org.pitest.mutationtest.engine.gregor.mutators.ReturnValsMutator,addUtf8,432,NO_COVERAGE,none
ConstantPoolGen.java,org.apache.bcel.generic.ConstantPoolGen,org.pitest.mutationtest.engine.gregor.mutators.ReturnValsMutator,addUtf8,440,NO_COVERAGE,none
ConstantPoolGen.java,org.apache.bcel.generic.ConstantPoolGen,org.pitest.mutationtest.engine.gregor.mutators.VoidMethodCallMutator,addUtf8,434,NO_COVERAGE,none
ConstantPoolGen.java,org.apache.bcel.generic.ConstantPoolGen,org.pitest.mutationtest.engine.gregor.mutators.ConditionalsBoundaryMutator,adjustSize,224,NO_COVERAGE,none
ConstantPoolGen.java,org.apache.bcel.generic.ConstantPoolGen,org.pitest.mutationtest.engine.gregor.mutators.MathMutator,adjustSize,224,NO_COVERAGE,none
ConstantPoolGen.java,org.apache.bcel.generic.ConstantPoolGen,org.pitest.mutationtest.engine.gregor.mutators.MathMutator,adjustSize,226,NO_COVERAGE,none
ConstantPoolGen.java,org.apache.bcel.generic.ConstantPoolGen,org.pitest.mutationtest.engine.gregor.mutators.NegateConditionalsMutator,adjustSize,224,NO_COVERAGE,none
ConstantPoolGen.java,org.apache.bcel.generic.ConstantPoolGen,org.pitest.mutationtest.engine.gregor.mutators.VoidMethodCallMutator,adjustSize,228,NO_COVERAGE,none
ConstantPoolGen.java,org.apache.bcel.generic.ConstantPoolGen,org.pitest.mutationtest.engine.gregor.mutators.ReturnValsMutator,getConstant,724,NO_COVERAGE,none
ConstantPoolGen.java,org.apache.bcel.generic.ConstantPoolGen,org.pitest.mutationtest.engine.gregor.mutators.ReturnValsMutator,getConstantPool,743,NO_COVERAGE,none
ConstantPoolGen.java,org.apache.bcel.generic.ConstantPoolGen,org.pitest.mutationtest.engine.gregor.mutators.ReturnValsMutator,getFinalConstantPool,761,NO_COVERAGE,none
ConstantPoolGen.java,org.apache.bcel.generic.ConstantPoolGen,org.pitest.mutationtest.engine.gregor.mutators.VoidMethodCallMutator,getFinalConstantPool,760,NO_COVERAGE,none
ConstantPoolGen.java,org.apache.bcel.generic.ConstantPoolGen,org.pitest.mutationtest.engine.gregor.mutators.ReturnValsMutator,getSize,751,NO_COVERAGE,none
ConstantPoolGen.java,org.apache.bcel.generic.ConstantPoolGen,org.pitest.mutationtest.engine.gregor.mutators.NegateConditionalsMutator,lookupClass,280,NO_COVERAGE,none
ConstantPoolGen.java,org.apache.bcel.generic.ConstantPoolGen,org.pitest.mutationtest.engine.gregor.mutators.ReturnValsMutator,lookupClass,280,NO_COVERAGE,none
ConstantPoolGen.java,org.apache.bcel.generic.ConstantPoolGen,org.pitest.mutationtest.engine.gregor.mutators.ConditionalsBoundaryMutator,lookupDouble,490,NO_COVERAGE,none
ConstantPoolGen.java,org.apache.bcel.generic.ConstantPoolGen,org.pitest.mutationtest.engine.gregor.mutators.IncrementsMutator,lookupDouble,490,NO_COVERAGE,none
ConstantPoolGen.java,org.apache.bcel.generic.ConstantPoolGen,org.pitest.mutationtest.engine.gregor.mutators.NegateConditionalsMutator,lookupDouble,490,NO_COVERAGE,none
ConstantPoolGen.java,org.apache.bcel.generic.ConstantPoolGen,org.pitest.mutationtest.engine.gregor.mutators.NegateConditionalsMutator,lookupDouble,491,NO_COVERAGE,none
ConstantPoolGen.java,org.apache.bcel.generic.ConstantPoolGen,org.pitest.mutationtest.engine.gregor.mutators.NegateConditionalsMutator,lookupDouble,493,NO_COVERAGE,none
ConstantPoolGen.java,org.apache.bcel.generic.ConstantPoolGen,org.pitest.mutationtest.engine.gregor.mutators.ReturnValsMutator,lookupDouble,494,NO_COVERAGE,none
ConstantPoolGen.java,org.apache.bcel.generic.ConstantPoolGen,org.pitest.mutationtest.engine.gregor.mutators.ReturnValsMutator,lookupDouble,498,NO_COVERAGE,none
ConstantPoolGen.java,org.apache.bcel.generic.ConstantPoolGen,org.pitest.mutationtest.engine.gregor.mutators.NegateConditionalsMutator,lookupFieldref,686,NO_COVERAGE,none
ConstantPoolGen.java,org.apache.bcel.generic.ConstantPoolGen,org.pitest.mutationtest.engine.gregor.mutators.ReturnValsMutator,lookupFieldref,686,NO_COVERAGE,none
ConstantPoolGen.java,org.apache.bcel.generic.ConstantPoolGen,org.pitest.mutationtest.engine.gregor.mutators.ConditionalsBoundaryMutator,lookupFloat,379,NO_COVERAGE,none
ConstantPoolGen.java,org.apache.bcel.generic.ConstantPoolGen,org.pitest.mutationtest.engine.gregor.mutators.IncrementsMutator,lookupFloat,379,NO_COVERAGE,none
ConstantPoolGen.java,org.apache.bcel.generic.ConstantPoolGen,org.pitest.mutationtest.engine.gregor.mutators.NegateConditionalsMutator,lookupFloat,379,NO_COVERAGE,none
ConstantPoolGen.java,org.apache.bcel.generic.ConstantPoolGen,org.pitest.mutationtest.engine.gregor.mutators.NegateConditionalsMutator,lookupFloat,380,NO_COVERAGE,none
ConstantPoolGen.java,org.apache.bcel.generic.ConstantPoolGen,org.pitest.mutationtest.engine.gregor.mutators.NegateConditionalsMutator,lookupFloat,382,NO_COVERAGE,none
ConstantPoolGen.java,org.apache.bcel.generic.ConstantPoolGen,org.pitest.mutationtest.engine.gregor.mutators.ReturnValsMutator,lookupFloat,383,NO_COVERAGE,none
ConstantPoolGen.java,org.apache.bcel.generic.ConstantPoolGen,org.pitest.mutationtest.engine.gregor.mutators.ReturnValsMutator,lookupFloat,387,NO_COVERAGE,none
ConstantPoolGen.java,org.apache.bcel.generic.ConstantPoolGen,org.pitest.mutationtest.engine.gregor.mutators.ConditionalsBoundaryMutator,lookupInteger,341,NO_COVERAGE,none
ConstantPoolGen.java,org.apache.bcel.generic.ConstantPoolGen,org.pitest.mutationtest.engine.gregor.mutators.IncrementsMutator,lookupInteger,341,NO_COVERAGE,none
ConstantPoolGen.java,org.apache.bcel.generic.ConstantPoolGen,org.pitest.mutationtest.engine.gregor.mutators.NegateConditionalsMutator,lookupInteger,341,NO_COVERAGE,none
ConstantPoolGen.java,org.apache.bcel.generic.ConstantPoolGen,org.pitest.mutationtest.engine.gregor.mutators.NegateConditionalsMutator,lookupInteger,342,NO_COVERAGE,none
ConstantPoolGen.java,org.apache.bcel.generic.ConstantPoolGen,org.pitest.mutationtest.engine.gregor.mutators.NegateConditionalsMutator,lookupInteger,344,NO_COVERAGE,none
ConstantPoolGen.java,org.apache.bcel.generic.ConstantPoolGen,org.pitest.mutationtest.engine.gregor.mutators.ReturnValsMutator,lookupInteger,345,NO_COVERAGE,none
ConstantPoolGen.java,org.apache.bcel.generic.ConstantPoolGen,org.pitest.mutationtest.engine.gregor.mutators.ReturnValsMutator,lookupInteger,349,NO_COVERAGE,none
ConstantPoolGen.java,org.apache.bcel.generic.ConstantPoolGen,org.pitest.mutationtest.engine.gregor.mutators.NegateConditionalsMutator,lookupInterfaceMethodref,631,NO_COVERAGE,none
ConstantPoolGen.java,org.apache.bcel.generic.ConstantPoolGen,org.pitest.mutationtest.engine.gregor.mutators.ReturnValsMutator,lookupInterfaceMethodref,631,NO_COVERAGE,none
ConstantPoolGen.java,org.apache.bcel.generic.ConstantPoolGen,org.pitest.mutationtest.engine.gregor.mutators.ReturnValsMutator,lookupInterfaceMethodref,636,NO_COVERAGE,none
ConstantPoolGen.java,org.apache.bcel.generic.ConstantPoolGen,org.pitest.mutationtest.engine.gregor.mutators.ConditionalsBoundaryMutator,lookupLong,451,NO_COVERAGE,none
ConstantPoolGen.java,org.apache.bcel.generic.ConstantPoolGen,org.pitest.mutationtest.engine.gregor.mutators.IncrementsMutator,lookupLong,451,NO_COVERAGE,none
ConstantPoolGen.java,org.apache.bcel.generic.ConstantPoolGen,org.pitest.mutationtest.engine.gregor.mutators.NegateConditionalsMutator,lookupLong,451,NO_COVERAGE,none
ConstantPoolGen.java,org.apache.bcel.generic.ConstantPoolGen,org.pitest.mutationtest.engine.gregor.mutators.NegateConditionalsMutator,lookupLong,452,NO_COVERAGE,none
ConstantPoolGen.java,org.apache.bcel.generic.ConstantPoolGen,org.pitest.mutationtest.engine.gregor.mutators.NegateConditionalsMutator,lookupLong,454,NO_COVERAGE,none
ConstantPoolGen.java,org.apache.bcel.generic.ConstantPoolGen,org.pitest.mutationtest.engine.gregor.mutators.ReturnValsMutator,lookupLong,455,NO_COVERAGE,none
ConstantPoolGen.java,org.apache.bcel.generic.ConstantPoolGen,org.pitest.mutationtest.engine.gregor.mutators.ReturnValsMutator,lookupLong,459,NO_COVERAGE,none
ConstantPoolGen.java,org.apache.bcel.generic.ConstantPoolGen,org.pitest.mutationtest.engine.gregor.mutators.NegateConditionalsMutator,lookupMethodref,577,NO_COVERAGE,none
ConstantPoolGen.java,org.apache.bcel.generic.ConstantPoolGen,org.pitest.mutationtest.engine.gregor.mutators.ReturnValsMutator,lookupMethodref,577,NO_COVERAGE,none
ConstantPoolGen.java,org.apache.bcel.generic.ConstantPoolGen,org.pitest.mutationtest.engine.gregor.mutators.ReturnValsMutator,lookupMethodref,582,NO_COVERAGE,none
ConstantPoolGen.java,org.apache.bcel.generic.ConstantPoolGen,org.pitest.mutationtest.engine.gregor.mutators.NegateConditionalsMutator,lookupNameAndType,532,NO_COVERAGE,none
ConstantPoolGen.java,org.apache.bcel.generic.ConstantPoolGen,org.pitest.mutationtest.engine.gregor.mutators.ReturnValsMutator,lookupNameAndType,532,NO_COVERAGE,none
ConstantPoolGen.java,org.apache.bcel.generic.ConstantPoolGen,org.pitest.mutationtest.engine.gregor.mutators.NegateConditionalsMutator,lookupString,243,NO_COVERAGE,none
ConstantPoolGen.java,org.apache.bcel.generic.ConstantPoolGen,org.pitest.mutationtest.engine.gregor.mutators.ReturnValsMutator,lookupString,243,NO_COVERAGE,none
ConstantPoolGen.java,org.apache.bcel.generic.ConstantPoolGen,org.pitest.mutationtest.engine.gregor.mutators.NegateConditionalsMutator,lookupUtf8,419,NO_COVERAGE,none
ConstantPoolGen.java,org.apache.bcel.generic.ConstantPoolGen,org.pitest.mutationtest.engine.gregor.mutators.ReturnValsMutator,lookupUtf8,419,NO_COVERAGE,none
ConstantPoolGen.java,org.apache.bcel.generic.ConstantPoolGen,org.pitest.mutationtest.engine.gregor.mutators.ConditionalsBoundaryMutator,toString,771,NO_COVERAGE,none
ConstantPoolGen.java,org.apache.bcel.generic.ConstantPoolGen,org.pitest.mutationtest.engine.gregor.mutators.IncrementsMutator,toString,771,NO_COVERAGE,none
ConstantPoolGen.java,org.apache.bcel.generic.ConstantPoolGen,org.pitest.mutationtest.engine.gregor.mutators.NegateConditionalsMutator,toString,771,NO_COVERAGE,none
ConstantPoolGen.java,org.apache.bcel.generic.ConstantPoolGen,org.pitest.mutationtest.engine.gregor.mutators.ReturnValsMutator,toString,774,NO_COVERAGE,none
